filepaths,labels
E:\LiveProject\Deep_Learning\Penguins vs Turtles\train\train\image_id_000.jpg,Penguin
E:\LiveProject\Deep_Learning\Penguins vs Turtles\train\train\image_id_001.jpg,Penguin
E:\LiveProject\Deep_Learning\Penguins vs Turtles\train\train\image_id_002.jpg,Turtle
E:\LiveProject\Deep_Learning\Penguins vs Turtles\train\train\image_id_003.jpg,Turtle
E:\LiveProject\Deep_Learning\Penguins vs Turtles\train\train\image_id_004.jpg,Penguin
E:\LiveProject\Deep_Learning\Penguins vs Turtles\train\train\image_id_005.jpg,Penguin
E:\LiveProject\Deep_Learning\Penguins vs Turtles\train\train\image_id_006.jpg,Penguin
E:\LiveProject\Deep_Learning\Penguins vs Turtles\train\train\image_id_007.jpg,Turtle
E:\LiveProject\Deep_Learning\Penguins vs Turtles\train\train\image_id_008.jpg,Penguin
E:\LiveProject\Deep_Learning\Penguins vs Turtles\train\train\image_id_009.jpg,Turtle
E:\LiveProject\Deep_Learning\Penguins vs Turtles\train\train\image_id_010.jpg,Turtle
E:\LiveProject\Deep_Learning\Penguins vs Turtles\train\train\image_id_011.jpg,Turtle
E:\LiveProject\Deep_Learning\Penguins vs Turtles\train\train\image_id_012.jpg,Penguin
E:\LiveProject\Deep_Learning\Penguins vs Turtles\train\train\image_id_013.jpg,Penguin
E:\LiveProject\Deep_Learning\Penguins vs Turtles\train\train\image_id_014.jpg,Penguin
E:\LiveProject\Deep_Learning\Penguins vs Turtles\train\train\image_id_015.jpg,Penguin
E:\LiveProject\Deep_Learning\Penguins vs Turtles\train\train\image_id_016.jpg,Turtle
E:\LiveProject\Deep_Learning\Penguins vs Turtles\train\train\image_id_017.jpg,Turtle
E:\LiveProject\Deep_Learning\Penguins vs Turtles\train\train\image_id_018.jpg,Turtle
E:\LiveProject\Deep_Learning\Penguins vs Turtles\train\train\image_id_019.jpg,Turtle
E:\LiveProject\Deep_Learning\Penguins vs Turtles\train\train\image_id_020.jpg,Turtle
E:\LiveProject\Deep_Learning\Penguins vs Turtles\train\train\image_id_021.jpg,Penguin
E:\LiveProject\Deep_Learning\Penguins vs Turtles\train\train\image_id_022.jpg,Penguin
E:\LiveProject\Deep_Learning\Penguins vs Turtles\train\train\image_id_023.jpg,Turtle
E:\LiveProject\Deep_Learning\Penguins vs Turtles\train\train\image_id_024.jpg,Penguin
E:\LiveProject\Deep_Learning\Penguins vs Turtles\train\train\image_id_025.jpg,Penguin
E:\LiveProject\Deep_Learning\Penguins vs Turtles\train\train\image_id_026.jpg,Penguin
E:\LiveProject\Deep_Learning\Penguins vs Turtles\train\train\image_id_027.jpg,Turtle
E:\LiveProject\Deep_Learning\Penguins vs Turtles\train\train\image_id_028.jpg,Penguin
E:\LiveProject\Deep_Learning\Penguins vs Turtles\train\train\image_id_029.jpg,Penguin
E:\LiveProject\Deep_Learning\Penguins vs Turtles\train\train\image_id_030.jpg,Turtle
E:\LiveProject\Deep_Learning\Penguins vs Turtles\train\train\image_id_031.jpg,Turtle
E:\LiveProject\Deep_Learning\Penguins vs Turtles\train\train\image_id_032.jpg,Penguin
E:\LiveProject\Deep_Learning\Penguins vs Turtles\train\train\image_id_033.jpg,Turtle
E:\LiveProject\Deep_Learning\Penguins vs Turtles\train\train\image_id_034.jpg,Turtle
E:\LiveProject\Deep_Learning\Penguins vs Turtles\train\train\image_id_035.jpg,Penguin
E:\LiveProject\Deep_Learning\Penguins vs Turtles\train\train\image_id_036.jpg,Penguin
E:\LiveProject\Deep_Learning\Penguins vs Turtles\train\train\image_id_037.jpg,Penguin
E:\LiveProject\Deep_Learning\Penguins vs Turtles\train\train\image_id_038.jpg,Turtle
E:\LiveProject\Deep_Learning\Penguins vs Turtles\train\train\image_id_039.jpg,Turtle
E:\LiveProject\Deep_Learning\Penguins vs Turtles\train\train\image_id_040.jpg,Penguin
E:\LiveProject\Deep_Learning\Penguins vs Turtles\train\train\image_id_041.jpg,Turtle
E:\LiveProject\Deep_Learning\Penguins vs Turtles\train\train\image_id_042.jpg,Turtle
E:\LiveProject\Deep_Learning\Penguins vs Turtles\train\train\image_id_043.jpg,Turtle
E:\LiveProject\Deep_Learning\Penguins vs Turtles\train\train\image_id_044.jpg,Turtle
E:\LiveProject\Deep_Learning\Penguins vs Turtles\train\train\image_id_045.jpg,Penguin
E:\LiveProject\Deep_Learning\Penguins vs Turtles\train\train\image_id_046.jpg,Penguin
E:\LiveProject\Deep_Learning\Penguins vs Turtles\train\train\image_id_047.jpg,Turtle
E:\LiveProject\Deep_Learning\Penguins vs Turtles\train\train\image_id_048.jpg,Penguin
E:\LiveProject\Deep_Learning\Penguins vs Turtles\train\train\image_id_049.jpg,Turtle
E:\LiveProject\Deep_Learning\Penguins vs Turtles\train\train\image_id_050.jpg,Turtle
E:\LiveProject\Deep_Learning\Penguins vs Turtles\train\train\image_id_051.jpg,Turtle
E:\LiveProject\Deep_Learning\Penguins vs Turtles\train\train\image_id_052.jpg,Penguin
E:\LiveProject\Deep_Learning\Penguins vs Turtles\train\train\image_id_053.jpg,Penguin
E:\LiveProject\Deep_Learning\Penguins vs Turtles\train\train\image_id_054.jpg,Penguin
E:\LiveProject\Deep_Learning\Penguins vs Turtles\train\train\image_id_055.jpg,Penguin
E:\LiveProject\Deep_Learning\Penguins vs Turtles\train\train\image_id_056.jpg,Turtle
E:\LiveProject\Deep_Learning\Penguins vs Turtles\train\train\image_id_057.jpg,Penguin
E:\LiveProject\Deep_Learning\Penguins vs Turtles\train\train\image_id_058.jpg,Turtle
E:\LiveProject\Deep_Learning\Penguins vs Turtles\train\train\image_id_059.jpg,Turtle
E:\LiveProject\Deep_Learning\Penguins vs Turtles\train\train\image_id_060.jpg,Penguin
E:\LiveProject\Deep_Learning\Penguins vs Turtles\train\train\image_id_061.jpg,Penguin
E:\LiveProject\Deep_Learning\Penguins vs Turtles\train\train\image_id_062.jpg,Penguin
E:\LiveProject\Deep_Learning\Penguins vs Turtles\train\train\image_id_063.jpg,Penguin
E:\LiveProject\Deep_Learning\Penguins vs Turtles\train\train\image_id_064.jpg,Penguin
E:\LiveProject\Deep_Learning\Penguins vs Turtles\train\train\image_id_065.jpg,Penguin
E:\LiveProject\Deep_Learning\Penguins vs Turtles\train\train\image_id_066.jpg,Penguin
E:\LiveProject\Deep_Learning\Penguins vs Turtles\train\train\image_id_067.jpg,Turtle
E:\LiveProject\Deep_Learning\Penguins vs Turtles\train\train\image_id_068.jpg,Turtle
E:\LiveProject\Deep_Learning\Penguins vs Turtles\train\train\image_id_069.jpg,Penguin
E:\LiveProject\Deep_Learning\Penguins vs Turtles\train\train\image_id_070.jpg,Turtle
E:\LiveProject\Deep_Learning\Penguins vs Turtles\train\train\image_id_071.jpg,Penguin
E:\LiveProject\Deep_Learning\Penguins vs Turtles\train\train\image_id_072.jpg,Penguin
E:\LiveProject\Deep_Learning\Penguins vs Turtles\train\train\image_id_073.jpg,Penguin
E:\LiveProject\Deep_Learning\Penguins vs Turtles\train\train\image_id_074.jpg,Penguin
E:\LiveProject\Deep_Learning\Penguins vs Turtles\train\train\image_id_075.jpg,Penguin
E:\LiveProject\Deep_Learning\Penguins vs Turtles\train\train\image_id_076.jpg,Turtle
E:\LiveProject\Deep_Learning\Penguins vs Turtles\train\train\image_id_077.jpg,Penguin
E:\LiveProject\Deep_Learning\Penguins vs Turtles\train\train\image_id_078.jpg,Penguin
E:\LiveProject\Deep_Learning\Penguins vs Turtles\train\train\image_id_079.jpg,Penguin
E:\LiveProject\Deep_Learning\Penguins vs Turtles\train\train\image_id_080.jpg,Turtle
E:\LiveProject\Deep_Learning\Penguins vs Turtles\train\train\image_id_081.jpg,Penguin
E:\LiveProject\Deep_Learning\Penguins vs Turtles\train\train\image_id_082.jpg,Turtle
E:\LiveProject\Deep_Learning\Penguins vs Turtles\train\train\image_id_083.jpg,Turtle
E:\LiveProject\Deep_Learning\Penguins vs Turtles\train\train\image_id_084.jpg,Penguin
E:\LiveProject\Deep_Learning\Penguins vs Turtles\train\train\image_id_085.jpg,Turtle
E:\LiveProject\Deep_Learning\Penguins vs Turtles\train\train\image_id_086.jpg,Turtle
E:\LiveProject\Deep_Learning\Penguins vs Turtles\train\train\image_id_087.jpg,Turtle
E:\LiveProject\Deep_Learning\Penguins vs Turtles\train\train\image_id_088.jpg,Penguin
E:\LiveProject\Deep_Learning\Penguins vs Turtles\train\train\image_id_089.jpg,Penguin
E:\LiveProject\Deep_Learning\Penguins vs Turtles\train\train\image_id_090.jpg,Turtle
E:\LiveProject\Deep_Learning\Penguins vs Turtles\train\train\image_id_091.jpg,Penguin
E:\LiveProject\Deep_Learning\Penguins vs Turtles\train\train\image_id_092.jpg,Penguin
E:\LiveProject\Deep_Learning\Penguins vs Turtles\train\train\image_id_093.jpg,Penguin
E:\LiveProject\Deep_Learning\Penguins vs Turtles\train\train\image_id_094.jpg,Penguin
E:\LiveProject\Deep_Learning\Penguins vs Turtles\train\train\image_id_095.jpg,Turtle
E:\LiveProject\Deep_Learning\Penguins vs Turtles\train\train\image_id_096.jpg,Turtle
E:\LiveProject\Deep_Learning\Penguins vs Turtles\train\train\image_id_097.jpg,Penguin
E:\LiveProject\Deep_Learning\Penguins vs Turtles\train\train\image_id_098.jpg,Turtle
E:\LiveProject\Deep_Learning\Penguins vs Turtles\train\train\image_id_099.jpg,Penguin
E:\LiveProject\Deep_Learning\Penguins vs Turtles\train\train\image_id_100.jpg,Penguin
E:\LiveProject\Deep_Learning\Penguins vs Turtles\train\train\image_id_101.jpg,Turtle
E:\LiveProject\Deep_Learning\Penguins vs Turtles\train\train\image_id_102.jpg,Turtle
E:\LiveProject\Deep_Learning\Penguins vs Turtles\train\train\image_id_103.jpg,Turtle
E:\LiveProject\Deep_Learning\Penguins vs Turtles\train\train\image_id_104.jpg,Turtle
E:\LiveProject\Deep_Learning\Penguins vs Turtles\train\train\image_id_105.jpg,Penguin
E:\LiveProject\Deep_Learning\Penguins vs Turtles\train\train\image_id_106.jpg,Turtle
E:\LiveProject\Deep_Learning\Penguins vs Turtles\train\train\image_id_107.jpg,Turtle
E:\LiveProject\Deep_Learning\Penguins vs Turtles\train\train\image_id_108.jpg,Penguin
E:\LiveProject\Deep_Learning\Penguins vs Turtles\train\train\image_id_109.jpg,Turtle
E:\LiveProject\Deep_Learning\Penguins vs Turtles\train\train\image_id_110.jpg,Turtle
E:\LiveProject\Deep_Learning\Penguins vs Turtles\train\train\image_id_111.jpg,Penguin
E:\LiveProject\Deep_Learning\Penguins vs Turtles\train\train\image_id_112.jpg,Penguin
E:\LiveProject\Deep_Learning\Penguins vs Turtles\train\train\image_id_113.jpg,Penguin
E:\LiveProject\Deep_Learning\Penguins vs Turtles\train\train\image_id_114.jpg,Penguin
E:\LiveProject\Deep_Learning\Penguins vs Turtles\train\train\image_id_115.jpg,Penguin
E:\LiveProject\Deep_Learning\Penguins vs Turtles\train\train\image_id_116.jpg,Penguin
E:\LiveProject\Deep_Learning\Penguins vs Turtles\train\train\image_id_117.jpg,Penguin
E:\LiveProject\Deep_Learning\Penguins vs Turtles\train\train\image_id_118.jpg,Penguin
E:\LiveProject\Deep_Learning\Penguins vs Turtles\train\train\image_id_119.jpg,Turtle
E:\LiveProject\Deep_Learning\Penguins vs Turtles\train\train\image_id_120.jpg,Penguin
E:\LiveProject\Deep_Learning\Penguins vs Turtles\train\train\image_id_121.jpg,Turtle
E:\LiveProject\Deep_Learning\Penguins vs Turtles\train\train\image_id_122.jpg,Penguin
E:\LiveProject\Deep_Learning\Penguins vs Turtles\train\train\image_id_123.jpg,Turtle
E:\LiveProject\Deep_Learning\Penguins vs Turtles\train\train\image_id_124.jpg,Turtle
E:\LiveProject\Deep_Learning\Penguins vs Turtles\train\train\image_id_125.jpg,Turtle
E:\LiveProject\Deep_Learning\Penguins vs Turtles\train\train\image_id_126.jpg,Turtle
E:\LiveProject\Deep_Learning\Penguins vs Turtles\train\train\image_id_127.jpg,Turtle
E:\LiveProject\Deep_Learning\Penguins vs Turtles\train\train\image_id_128.jpg,Penguin
E:\LiveProject\Deep_Learning\Penguins vs Turtles\train\train\image_id_129.jpg,Turtle
E:\LiveProject\Deep_Learning\Penguins vs Turtles\train\train\image_id_130.jpg,Turtle
E:\LiveProject\Deep_Learning\Penguins vs Turtles\train\train\image_id_131.jpg,Turtle
E:\LiveProject\Deep_Learning\Penguins vs Turtles\train\train\image_id_132.jpg,Turtle
E:\LiveProject\Deep_Learning\Penguins vs Turtles\train\train\image_id_133.jpg,Penguin
E:\LiveProject\Deep_Learning\Penguins vs Turtles\train\train\image_id_134.jpg,Turtle
E:\LiveProject\Deep_Learning\Penguins vs Turtles\train\train\image_id_135.jpg,Turtle
E:\LiveProject\Deep_Learning\Penguins vs Turtles\train\train\image_id_136.jpg,Penguin
E:\LiveProject\Deep_Learning\Penguins vs Turtles\train\train\image_id_137.jpg,Turtle
E:\LiveProject\Deep_Learning\Penguins vs Turtles\train\train\image_id_138.jpg,Turtle
E:\LiveProject\Deep_Learning\Penguins vs Turtles\train\train\image_id_139.jpg,Turtle
E:\LiveProject\Deep_Learning\Penguins vs Turtles\train\train\image_id_140.jpg,Turtle
E:\LiveProject\Deep_Learning\Penguins vs Turtles\train\train\image_id_141.jpg,Turtle
E:\LiveProject\Deep_Learning\Penguins vs Turtles\train\train\image_id_142.jpg,Turtle
E:\LiveProject\Deep_Learning\Penguins vs Turtles\train\train\image_id_143.jpg,Penguin
E:\LiveProject\Deep_Learning\Penguins vs Turtles\train\train\image_id_144.jpg,Penguin
E:\LiveProject\Deep_Learning\Penguins vs Turtles\train\train\image_id_145.jpg,Turtle
E:\LiveProject\Deep_Learning\Penguins vs Turtles\train\train\image_id_146.jpg,Penguin
E:\LiveProject\Deep_Learning\Penguins vs Turtles\train\train\image_id_147.jpg,Turtle
E:\LiveProject\Deep_Learning\Penguins vs Turtles\train\train\image_id_148.jpg,Penguin
E:\LiveProject\Deep_Learning\Penguins vs Turtles\train\train\image_id_149.jpg,Turtle
E:\LiveProject\Deep_Learning\Penguins vs Turtles\train\train\image_id_150.jpg,Penguin
E:\LiveProject\Deep_Learning\Penguins vs Turtles\train\train\image_id_151.jpg,Turtle
E:\LiveProject\Deep_Learning\Penguins vs Turtles\train\train\image_id_152.jpg,Penguin
E:\LiveProject\Deep_Learning\Penguins vs Turtles\train\train\image_id_153.jpg,Penguin
E:\LiveProject\Deep_Learning\Penguins vs Turtles\train\train\image_id_154.jpg,Penguin
E:\LiveProject\Deep_Learning\Penguins vs Turtles\train\train\image_id_155.jpg,Turtle
E:\LiveProject\Deep_Learning\Penguins vs Turtles\train\train\image_id_156.jpg,Turtle
E:\LiveProject\Deep_Learning\Penguins vs Turtles\train\train\image_id_157.jpg,Turtle
E:\LiveProject\Deep_Learning\Penguins vs Turtles\train\train\image_id_158.jpg,Turtle
E:\LiveProject\Deep_Learning\Penguins vs Turtles\train\train\image_id_159.jpg,Penguin
E:\LiveProject\Deep_Learning\Penguins vs Turtles\train\train\image_id_160.jpg,Penguin
E:\LiveProject\Deep_Learning\Penguins vs Turtles\train\train\image_id_161.jpg,Turtle
E:\LiveProject\Deep_Learning\Penguins vs Turtles\train\train\image_id_162.jpg,Turtle
E:\LiveProject\Deep_Learning\Penguins vs Turtles\train\train\image_id_163.jpg,Turtle
E:\LiveProject\Deep_Learning\Penguins vs Turtles\train\train\image_id_164.jpg,Turtle
E:\LiveProject\Deep_Learning\Penguins vs Turtles\train\train\image_id_165.jpg,Penguin
E:\LiveProject\Deep_Learning\Penguins vs Turtles\train\train\image_id_166.jpg,Turtle
E:\LiveProject\Deep_Learning\Penguins vs Turtles\train\train\image_id_167.jpg,Penguin
E:\LiveProject\Deep_Learning\Penguins vs Turtles\train\train\image_id_168.jpg,Turtle
E:\LiveProject\Deep_Learning\Penguins vs Turtles\train\train\image_id_169.jpg,Turtle
E:\LiveProject\Deep_Learning\Penguins vs Turtles\train\train\image_id_170.jpg,Turtle
E:\LiveProject\Deep_Learning\Penguins vs Turtles\train\train\image_id_171.jpg,Turtle
E:\LiveProject\Deep_Learning\Penguins vs Turtles\train\train\image_id_172.jpg,Penguin
E:\LiveProject\Deep_Learning\Penguins vs Turtles\train\train\image_id_173.jpg,Penguin
E:\LiveProject\Deep_Learning\Penguins vs Turtles\train\train\image_id_174.jpg,Penguin
E:\LiveProject\Deep_Learning\Penguins vs Turtles\train\train\image_id_175.jpg,Turtle
E:\LiveProject\Deep_Learning\Penguins vs Turtles\train\train\image_id_176.jpg,Penguin
E:\LiveProject\Deep_Learning\Penguins vs Turtles\train\train\image_id_177.jpg,Penguin
E:\LiveProject\Deep_Learning\Penguins vs Turtles\train\train\image_id_178.jpg,Turtle
E:\LiveProject\Deep_Learning\Penguins vs Turtles\train\train\image_id_179.jpg,Turtle
E:\LiveProject\Deep_Learning\Penguins vs Turtles\train\train\image_id_180.jpg,Penguin
E:\LiveProject\Deep_Learning\Penguins vs Turtles\train\train\image_id_181.jpg,Turtle
E:\LiveProject\Deep_Learning\Penguins vs Turtles\train\train\image_id_182.jpg,Penguin
E:\LiveProject\Deep_Learning\Penguins vs Turtles\train\train\image_id_183.jpg,Turtle
E:\LiveProject\Deep_Learning\Penguins vs Turtles\train\train\image_id_184.jpg,Turtle
E:\LiveProject\Deep_Learning\Penguins vs Turtles\train\train\image_id_185.jpg,Turtle
E:\LiveProject\Deep_Learning\Penguins vs Turtles\train\train\image_id_186.jpg,Penguin
E:\LiveProject\Deep_Learning\Penguins vs Turtles\train\train\image_id_187.jpg,Penguin
E:\LiveProject\Deep_Learning\Penguins vs Turtles\train\train\image_id_188.jpg,Penguin
E:\LiveProject\Deep_Learning\Penguins vs Turtles\train\train\image_id_189.jpg,Penguin
E:\LiveProject\Deep_Learning\Penguins vs Turtles\train\train\image_id_190.jpg,Turtle
E:\LiveProject\Deep_Learning\Penguins vs Turtles\train\train\image_id_191.jpg,Turtle
E:\LiveProject\Deep_Learning\Penguins vs Turtles\train\train\image_id_192.jpg,Turtle
E:\LiveProject\Deep_Learning\Penguins vs Turtles\train\train\image_id_193.jpg,Turtle
E:\LiveProject\Deep_Learning\Penguins vs Turtles\train\train\image_id_194.jpg,Penguin
E:\LiveProject\Deep_Learning\Penguins vs Turtles\train\train\image_id_195.jpg,Turtle
E:\LiveProject\Deep_Learning\Penguins vs Turtles\train\train\image_id_196.jpg,Penguin
E:\LiveProject\Deep_Learning\Penguins vs Turtles\train\train\image_id_197.jpg,Turtle
E:\LiveProject\Deep_Learning\Penguins vs Turtles\train\train\image_id_198.jpg,Penguin
E:\LiveProject\Deep_Learning\Penguins vs Turtles\train\train\image_id_199.jpg,Turtle
E:\LiveProject\Deep_Learning\Penguins vs Turtles\train\train\image_id_200.jpg,Penguin
E:\LiveProject\Deep_Learning\Penguins vs Turtles\train\train\image_id_201.jpg,Penguin
E:\LiveProject\Deep_Learning\Penguins vs Turtles\train\train\image_id_202.jpg,Penguin
E:\LiveProject\Deep_Learning\Penguins vs Turtles\train\train\image_id_203.jpg,Turtle
E:\LiveProject\Deep_Learning\Penguins vs Turtles\train\train\image_id_204.jpg,Penguin
E:\LiveProject\Deep_Learning\Penguins vs Turtles\train\train\image_id_205.jpg,Turtle
E:\LiveProject\Deep_Learning\Penguins vs Turtles\train\train\image_id_206.jpg,Penguin
E:\LiveProject\Deep_Learning\Penguins vs Turtles\train\train\image_id_207.jpg,Turtle
E:\LiveProject\Deep_Learning\Penguins vs Turtles\train\train\image_id_208.jpg,Turtle
E:\LiveProject\Deep_Learning\Penguins vs Turtles\train\train\image_id_209.jpg,Turtle
E:\LiveProject\Deep_Learning\Penguins vs Turtles\train\train\image_id_210.jpg,Penguin
E:\LiveProject\Deep_Learning\Penguins vs Turtles\train\train\image_id_211.jpg,Penguin
E:\LiveProject\Deep_Learning\Penguins vs Turtles\train\train\image_id_212.jpg,Turtle
E:\LiveProject\Deep_Learning\Penguins vs Turtles\train\train\image_id_213.jpg,Turtle
E:\LiveProject\Deep_Learning\Penguins vs Turtles\train\train\image_id_214.jpg,Penguin
E:\LiveProject\Deep_Learning\Penguins vs Turtles\train\train\image_id_215.jpg,Penguin
E:\LiveProject\Deep_Learning\Penguins vs Turtles\train\train\image_id_216.jpg,Turtle
E:\LiveProject\Deep_Learning\Penguins vs Turtles\train\train\image_id_217.jpg,Turtle
E:\LiveProject\Deep_Learning\Penguins vs Turtles\train\train\image_id_218.jpg,Penguin
E:\LiveProject\Deep_Learning\Penguins vs Turtles\train\train\image_id_219.jpg,Penguin
E:\LiveProject\Deep_Learning\Penguins vs Turtles\train\train\image_id_220.jpg,Penguin
E:\LiveProject\Deep_Learning\Penguins vs Turtles\train\train\image_id_221.jpg,Turtle
E:\LiveProject\Deep_Learning\Penguins vs Turtles\train\train\image_id_222.jpg,Penguin
E:\LiveProject\Deep_Learning\Penguins vs Turtles\train\train\image_id_223.jpg,Penguin
E:\LiveProject\Deep_Learning\Penguins vs Turtles\train\train\image_id_224.jpg,Penguin
E:\LiveProject\Deep_Learning\Penguins vs Turtles\train\train\image_id_225.jpg,Turtle
E:\LiveProject\Deep_Learning\Penguins vs Turtles\train\train\image_id_226.jpg,Penguin
E:\LiveProject\Deep_Learning\Penguins vs Turtles\train\train\image_id_227.jpg,Turtle
E:\LiveProject\Deep_Learning\Penguins vs Turtles\train\train\image_id_228.jpg,Turtle
E:\LiveProject\Deep_Learning\Penguins vs Turtles\train\train\image_id_229.jpg,Turtle
E:\LiveProject\Deep_Learning\Penguins vs Turtles\train\train\image_id_230.jpg,Penguin
E:\LiveProject\Deep_Learning\Penguins vs Turtles\train\train\image_id_231.jpg,Turtle
E:\LiveProject\Deep_Learning\Penguins vs Turtles\train\train\image_id_232.jpg,Penguin
E:\LiveProject\Deep_Learning\Penguins vs Turtles\train\train\image_id_233.jpg,Turtle
E:\LiveProject\Deep_Learning\Penguins vs Turtles\train\train\image_id_234.jpg,Turtle
E:\LiveProject\Deep_Learning\Penguins vs Turtles\train\train\image_id_235.jpg,Turtle
E:\LiveProject\Deep_Learning\Penguins vs Turtles\train\train\image_id_236.jpg,Penguin
E:\LiveProject\Deep_Learning\Penguins vs Turtles\train\train\image_id_237.jpg,Turtle
E:\LiveProject\Deep_Learning\Penguins vs Turtles\train\train\image_id_238.jpg,Turtle
E:\LiveProject\Deep_Learning\Penguins vs Turtles\train\train\image_id_239.jpg,Turtle
E:\LiveProject\Deep_Learning\Penguins vs Turtles\train\train\image_id_240.jpg,Turtle
E:\LiveProject\Deep_Learning\Penguins vs Turtles\train\train\image_id_241.jpg,Penguin
E:\LiveProject\Deep_Learning\Penguins vs Turtles\train\train\image_id_242.jpg,Penguin
E:\LiveProject\Deep_Learning\Penguins vs Turtles\train\train\image_id_243.jpg,Turtle
E:\LiveProject\Deep_Learning\Penguins vs Turtles\train\train\image_id_244.jpg,Turtle
E:\LiveProject\Deep_Learning\Penguins vs Turtles\train\train\image_id_245.jpg,Turtle
E:\LiveProject\Deep_Learning\Penguins vs Turtles\train\train\image_id_246.jpg,Penguin
E:\LiveProject\Deep_Learning\Penguins vs Turtles\train\train\image_id_247.jpg,Turtle
E:\LiveProject\Deep_Learning\Penguins vs Turtles\train\train\image_id_248.jpg,Penguin
E:\LiveProject\Deep_Learning\Penguins vs Turtles\train\train\image_id_249.jpg,Turtle
E:\LiveProject\Deep_Learning\Penguins vs Turtles\train\train\image_id_250.jpg,Penguin
E:\LiveProject\Deep_Learning\Penguins vs Turtles\train\train\image_id_251.jpg,Penguin
E:\LiveProject\Deep_Learning\Penguins vs Turtles\train\train\image_id_252.jpg,Penguin
E:\LiveProject\Deep_Learning\Penguins vs Turtles\train\train\image_id_253.jpg,Penguin
E:\LiveProject\Deep_Learning\Penguins vs Turtles\train\train\image_id_254.jpg,Turtle
E:\LiveProject\Deep_Learning\Penguins vs Turtles\train\train\image_id_255.jpg,Penguin
E:\LiveProject\Deep_Learning\Penguins vs Turtles\train\train\image_id_256.jpg,Turtle
E:\LiveProject\Deep_Learning\Penguins vs Turtles\train\train\image_id_257.jpg,Turtle
E:\LiveProject\Deep_Learning\Penguins vs Turtles\train\train\image_id_258.jpg,Turtle
E:\LiveProject\Deep_Learning\Penguins vs Turtles\train\train\image_id_259.jpg,Turtle
E:\LiveProject\Deep_Learning\Penguins vs Turtles\train\train\image_id_260.jpg,Turtle
E:\LiveProject\Deep_Learning\Penguins vs Turtles\train\train\image_id_261.jpg,Turtle
E:\LiveProject\Deep_Learning\Penguins vs Turtles\train\train\image_id_262.jpg,Penguin
E:\LiveProject\Deep_Learning\Penguins vs Turtles\train\train\image_id_263.jpg,Turtle
E:\LiveProject\Deep_Learning\Penguins vs Turtles\train\train\image_id_264.jpg,Turtle
E:\LiveProject\Deep_Learning\Penguins vs Turtles\train\train\image_id_265.jpg,Penguin
E:\LiveProject\Deep_Learning\Penguins vs Turtles\train\train\image_id_266.jpg,Penguin
E:\LiveProject\Deep_Learning\Penguins vs Turtles\train\train\image_id_267.jpg,Turtle
E:\LiveProject\Deep_Learning\Penguins vs Turtles\train\train\image_id_268.jpg,Penguin
E:\LiveProject\Deep_Learning\Penguins vs Turtles\train\train\image_id_269.jpg,Penguin
E:\LiveProject\Deep_Learning\Penguins vs Turtles\train\train\image_id_270.jpg,Turtle
E:\LiveProject\Deep_Learning\Penguins vs Turtles\train\train\image_id_271.jpg,Turtle
E:\LiveProject\Deep_Learning\Penguins vs Turtles\train\train\image_id_272.jpg,Turtle
E:\LiveProject\Deep_Learning\Penguins vs Turtles\train\train\image_id_273.jpg,Turtle
E:\LiveProject\Deep_Learning\Penguins vs Turtles\train\train\image_id_274.jpg,Penguin
E:\LiveProject\Deep_Learning\Penguins vs Turtles\train\train\image_id_275.jpg,Turtle
E:\LiveProject\Deep_Learning\Penguins vs Turtles\train\train\image_id_276.jpg,Penguin
E:\LiveProject\Deep_Learning\Penguins vs Turtles\train\train\image_id_277.jpg,Penguin
E:\LiveProject\Deep_Learning\Penguins vs Turtles\train\train\image_id_278.jpg,Turtle
E:\LiveProject\Deep_Learning\Penguins vs Turtles\train\train\image_id_279.jpg,Penguin
E:\LiveProject\Deep_Learning\Penguins vs Turtles\train\train\image_id_280.jpg,Penguin
E:\LiveProject\Deep_Learning\Penguins vs Turtles\train\train\image_id_281.jpg,Penguin
E:\LiveProject\Deep_Learning\Penguins vs Turtles\train\train\image_id_282.jpg,Penguin
E:\LiveProject\Deep_Learning\Penguins vs Turtles\train\train\image_id_283.jpg,Turtle
E:\LiveProject\Deep_Learning\Penguins vs Turtles\train\train\image_id_284.jpg,Turtle
E:\LiveProject\Deep_Learning\Penguins vs Turtles\train\train\image_id_285.jpg,Turtle
E:\LiveProject\Deep_Learning\Penguins vs Turtles\train\train\image_id_286.jpg,Penguin
E:\LiveProject\Deep_Learning\Penguins vs Turtles\train\train\image_id_287.jpg,Penguin
E:\LiveProject\Deep_Learning\Penguins vs Turtles\train\train\image_id_288.jpg,Turtle
E:\LiveProject\Deep_Learning\Penguins vs Turtles\train\train\image_id_289.jpg,Turtle
E:\LiveProject\Deep_Learning\Penguins vs Turtles\train\train\image_id_290.jpg,Penguin
E:\LiveProject\Deep_Learning\Penguins vs Turtles\train\train\image_id_291.jpg,Turtle
E:\LiveProject\Deep_Learning\Penguins vs Turtles\train\train\image_id_292.jpg,Penguin
E:\LiveProject\Deep_Learning\Penguins vs Turtles\train\train\image_id_293.jpg,Turtle
E:\LiveProject\Deep_Learning\Penguins vs Turtles\train\train\image_id_294.jpg,Penguin
E:\LiveProject\Deep_Learning\Penguins vs Turtles\train\train\image_id_295.jpg,Penguin
E:\LiveProject\Deep_Learning\Penguins vs Turtles\train\train\image_id_296.jpg,Turtle
E:\LiveProject\Deep_Learning\Penguins vs Turtles\train\train\image_id_297.jpg,Turtle
E:\LiveProject\Deep_Learning\Penguins vs Turtles\train\train\image_id_298.jpg,Penguin
E:\LiveProject\Deep_Learning\Penguins vs Turtles\train\train\image_id_299.jpg,Turtle
E:\LiveProject\Deep_Learning\Penguins vs Turtles\train\train\image_id_300.jpg,Penguin
E:\LiveProject\Deep_Learning\Penguins vs Turtles\train\train\image_id_301.jpg,Turtle
E:\LiveProject\Deep_Learning\Penguins vs Turtles\train\train\image_id_302.jpg,Penguin
E:\LiveProject\Deep_Learning\Penguins vs Turtles\train\train\image_id_303.jpg,Turtle
E:\LiveProject\Deep_Learning\Penguins vs Turtles\train\train\image_id_304.jpg,Penguin
E:\LiveProject\Deep_Learning\Penguins vs Turtles\train\train\image_id_305.jpg,Penguin
E:\LiveProject\Deep_Learning\Penguins vs Turtles\train\train\image_id_306.jpg,Turtle
E:\LiveProject\Deep_Learning\Penguins vs Turtles\train\train\image_id_307.jpg,Turtle
E:\LiveProject\Deep_Learning\Penguins vs Turtles\train\train\image_id_308.jpg,Turtle
E:\LiveProject\Deep_Learning\Penguins vs Turtles\train\train\image_id_309.jpg,Penguin
E:\LiveProject\Deep_Learning\Penguins vs Turtles\train\train\image_id_310.jpg,Penguin
E:\LiveProject\Deep_Learning\Penguins vs Turtles\train\train\image_id_311.jpg,Penguin
E:\LiveProject\Deep_Learning\Penguins vs Turtles\train\train\image_id_312.jpg,Turtle
E:\LiveProject\Deep_Learning\Penguins vs Turtles\train\train\image_id_313.jpg,Turtle
E:\LiveProject\Deep_Learning\Penguins vs Turtles\train\train\image_id_314.jpg,Turtle
E:\LiveProject\Deep_Learning\Penguins vs Turtles\train\train\image_id_315.jpg,Penguin
E:\LiveProject\Deep_Learning\Penguins vs Turtles\train\train\image_id_316.jpg,Penguin
E:\LiveProject\Deep_Learning\Penguins vs Turtles\train\train\image_id_317.jpg,Turtle
E:\LiveProject\Deep_Learning\Penguins vs Turtles\train\train\image_id_318.jpg,Penguin
E:\LiveProject\Deep_Learning\Penguins vs Turtles\train\train\image_id_319.jpg,Turtle
E:\LiveProject\Deep_Learning\Penguins vs Turtles\train\train\image_id_320.jpg,Turtle
E:\LiveProject\Deep_Learning\Penguins vs Turtles\train\train\image_id_321.jpg,Turtle
E:\LiveProject\Deep_Learning\Penguins vs Turtles\train\train\image_id_322.jpg,Turtle
E:\LiveProject\Deep_Learning\Penguins vs Turtles\train\train\image_id_323.jpg,Penguin
E:\LiveProject\Deep_Learning\Penguins vs Turtles\train\train\image_id_324.jpg,Turtle
E:\LiveProject\Deep_Learning\Penguins vs Turtles\train\train\image_id_325.jpg,Penguin
E:\LiveProject\Deep_Learning\Penguins vs Turtles\train\train\image_id_326.jpg,Turtle
E:\LiveProject\Deep_Learning\Penguins vs Turtles\train\train\image_id_327.jpg,Penguin
E:\LiveProject\Deep_Learning\Penguins vs Turtles\train\train\image_id_328.jpg,Penguin
E:\LiveProject\Deep_Learning\Penguins vs Turtles\train\train\image_id_329.jpg,Turtle
E:\LiveProject\Deep_Learning\Penguins vs Turtles\train\train\image_id_330.jpg,Penguin
E:\LiveProject\Deep_Learning\Penguins vs Turtles\train\train\image_id_331.jpg,Turtle
E:\LiveProject\Deep_Learning\Penguins vs Turtles\train\train\image_id_332.jpg,Turtle
E:\LiveProject\Deep_Learning\Penguins vs Turtles\train\train\image_id_333.jpg,Turtle
E:\LiveProject\Deep_Learning\Penguins vs Turtles\train\train\image_id_334.jpg,Penguin
E:\LiveProject\Deep_Learning\Penguins vs Turtles\train\train\image_id_335.jpg,Penguin
E:\LiveProject\Deep_Learning\Penguins vs Turtles\train\train\image_id_336.jpg,Turtle
E:\LiveProject\Deep_Learning\Penguins vs Turtles\train\train\image_id_337.jpg,Penguin
E:\LiveProject\Deep_Learning\Penguins vs Turtles\train\train\image_id_338.jpg,Penguin
E:\LiveProject\Deep_Learning\Penguins vs Turtles\train\train\image_id_339.jpg,Turtle
E:\LiveProject\Deep_Learning\Penguins vs Turtles\train\train\image_id_340.jpg,Turtle
E:\LiveProject\Deep_Learning\Penguins vs Turtles\train\train\image_id_341.jpg,Penguin
E:\LiveProject\Deep_Learning\Penguins vs Turtles\train\train\image_id_342.jpg,Turtle
E:\LiveProject\Deep_Learning\Penguins vs Turtles\train\train\image_id_343.jpg,Penguin
E:\LiveProject\Deep_Learning\Penguins vs Turtles\train\train\image_id_344.jpg,Penguin
E:\LiveProject\Deep_Learning\Penguins vs Turtles\train\train\image_id_345.jpg,Turtle
E:\LiveProject\Deep_Learning\Penguins vs Turtles\train\train\image_id_346.jpg,Penguin
E:\LiveProject\Deep_Learning\Penguins vs Turtles\train\train\image_id_347.jpg,Penguin
E:\LiveProject\Deep_Learning\Penguins vs Turtles\train\train\image_id_348.jpg,Penguin
E:\LiveProject\Deep_Learning\Penguins vs Turtles\train\train\image_id_349.jpg,Penguin
E:\LiveProject\Deep_Learning\Penguins vs Turtles\train\train\image_id_350.jpg,Turtle
E:\LiveProject\Deep_Learning\Penguins vs Turtles\train\train\image_id_351.jpg,Turtle
E:\LiveProject\Deep_Learning\Penguins vs Turtles\train\train\image_id_352.jpg,Turtle
E:\LiveProject\Deep_Learning\Penguins vs Turtles\train\train\image_id_353.jpg,Penguin
E:\LiveProject\Deep_Learning\Penguins vs Turtles\train\train\image_id_354.jpg,Turtle
E:\LiveProject\Deep_Learning\Penguins vs Turtles\train\train\image_id_355.jpg,Penguin
E:\LiveProject\Deep_Learning\Penguins vs Turtles\train\train\image_id_356.jpg,Penguin
E:\LiveProject\Deep_Learning\Penguins vs Turtles\train\train\image_id_357.jpg,Penguin
E:\LiveProject\Deep_Learning\Penguins vs Turtles\train\train\image_id_358.jpg,Penguin
E:\LiveProject\Deep_Learning\Penguins vs Turtles\train\train\image_id_359.jpg,Turtle
E:\LiveProject\Deep_Learning\Penguins vs Turtles\train\train\image_id_360.jpg,Turtle
E:\LiveProject\Deep_Learning\Penguins vs Turtles\train\train\image_id_361.jpg,Turtle
E:\LiveProject\Deep_Learning\Penguins vs Turtles\train\train\image_id_362.jpg,Penguin
E:\LiveProject\Deep_Learning\Penguins vs Turtles\train\train\image_id_363.jpg,Turtle
E:\LiveProject\Deep_Learning\Penguins vs Turtles\train\train\image_id_364.jpg,Penguin
E:\LiveProject\Deep_Learning\Penguins vs Turtles\train\train\image_id_365.jpg,Penguin
E:\LiveProject\Deep_Learning\Penguins vs Turtles\train\train\image_id_366.jpg,Penguin
E:\LiveProject\Deep_Learning\Penguins vs Turtles\train\train\image_id_367.jpg,Turtle
E:\LiveProject\Deep_Learning\Penguins vs Turtles\train\train\image_id_368.jpg,Turtle
E:\LiveProject\Deep_Learning\Penguins vs Turtles\train\train\image_id_369.jpg,Turtle
E:\LiveProject\Deep_Learning\Penguins vs Turtles\train\train\image_id_370.jpg,Penguin
E:\LiveProject\Deep_Learning\Penguins vs Turtles\train\train\image_id_371.jpg,Penguin
E:\LiveProject\Deep_Learning\Penguins vs Turtles\train\train\image_id_372.jpg,Penguin
E:\LiveProject\Deep_Learning\Penguins vs Turtles\train\train\image_id_373.jpg,Penguin
E:\LiveProject\Deep_Learning\Penguins vs Turtles\train\train\image_id_374.jpg,Turtle
E:\LiveProject\Deep_Learning\Penguins vs Turtles\train\train\image_id_375.jpg,Turtle
E:\LiveProject\Deep_Learning\Penguins vs Turtles\train\train\image_id_376.jpg,Penguin
E:\LiveProject\Deep_Learning\Penguins vs Turtles\train\train\image_id_377.jpg,Penguin
E:\LiveProject\Deep_Learning\Penguins vs Turtles\train\train\image_id_378.jpg,Penguin
E:\LiveProject\Deep_Learning\Penguins vs Turtles\train\train\image_id_379.jpg,Penguin
E:\LiveProject\Deep_Learning\Penguins vs Turtles\train\train\image_id_380.jpg,Penguin
E:\LiveProject\Deep_Learning\Penguins vs Turtles\train\train\image_id_381.jpg,Penguin
E:\LiveProject\Deep_Learning\Penguins vs Turtles\train\train\image_id_382.jpg,Penguin
E:\LiveProject\Deep_Learning\Penguins vs Turtles\train\train\image_id_383.jpg,Turtle
E:\LiveProject\Deep_Learning\Penguins vs Turtles\train\train\image_id_384.jpg,Penguin
E:\LiveProject\Deep_Learning\Penguins vs Turtles\train\train\image_id_385.jpg,Turtle
E:\LiveProject\Deep_Learning\Penguins vs Turtles\train\train\image_id_386.jpg,Penguin
E:\LiveProject\Deep_Learning\Penguins vs Turtles\train\train\image_id_387.jpg,Turtle
E:\LiveProject\Deep_Learning\Penguins vs Turtles\train\train\image_id_388.jpg,Penguin
E:\LiveProject\Deep_Learning\Penguins vs Turtles\train\train\image_id_389.jpg,Penguin
E:\LiveProject\Deep_Learning\Penguins vs Turtles\train\train\image_id_390.jpg,Penguin
E:\LiveProject\Deep_Learning\Penguins vs Turtles\train\train\image_id_391.jpg,Turtle
E:\LiveProject\Deep_Learning\Penguins vs Turtles\train\train\image_id_392.jpg,Turtle
E:\LiveProject\Deep_Learning\Penguins vs Turtles\train\train\image_id_393.jpg,Turtle
E:\LiveProject\Deep_Learning\Penguins vs Turtles\train\train\image_id_394.jpg,Penguin
E:\LiveProject\Deep_Learning\Penguins vs Turtles\train\train\image_id_395.jpg,Turtle
E:\LiveProject\Deep_Learning\Penguins vs Turtles\train\train\image_id_396.jpg,Turtle
E:\LiveProject\Deep_Learning\Penguins vs Turtles\train\train\image_id_397.jpg,Turtle
E:\LiveProject\Deep_Learning\Penguins vs Turtles\train\train\image_id_398.jpg,Turtle
E:\LiveProject\Deep_Learning\Penguins vs Turtles\train\train\image_id_399.jpg,Penguin
E:\LiveProject\Deep_Learning\Penguins vs Turtles\train\train\image_id_400.jpg,Turtle
E:\LiveProject\Deep_Learning\Penguins vs Turtles\train\train\image_id_401.jpg,Penguin
E:\LiveProject\Deep_Learning\Penguins vs Turtles\train\train\image_id_402.jpg,Penguin
E:\LiveProject\Deep_Learning\Penguins vs Turtles\train\train\image_id_403.jpg,Turtle
E:\LiveProject\Deep_Learning\Penguins vs Turtles\train\train\image_id_404.jpg,Penguin
E:\LiveProject\Deep_Learning\Penguins vs Turtles\train\train\image_id_405.jpg,Penguin
E:\LiveProject\Deep_Learning\Penguins vs Turtles\train\train\image_id_406.jpg,Turtle
E:\LiveProject\Deep_Learning\Penguins vs Turtles\train\train\image_id_407.jpg,Penguin
E:\LiveProject\Deep_Learning\Penguins vs Turtles\train\train\image_id_408.jpg,Turtle
E:\LiveProject\Deep_Learning\Penguins vs Turtles\train\train\image_id_409.jpg,Penguin
E:\LiveProject\Deep_Learning\Penguins vs Turtles\train\train\image_id_410.jpg,Turtle
E:\LiveProject\Deep_Learning\Penguins vs Turtles\train\train\image_id_411.jpg,Turtle
E:\LiveProject\Deep_Learning\Penguins vs Turtles\train\train\image_id_412.jpg,Turtle
E:\LiveProject\Deep_Learning\Penguins vs Turtles\train\train\image_id_413.jpg,Turtle
E:\LiveProject\Deep_Learning\Penguins vs Turtles\train\train\image_id_414.jpg,Turtle
E:\LiveProject\Deep_Learning\Penguins vs Turtles\train\train\image_id_415.jpg,Penguin
E:\LiveProject\Deep_Learning\Penguins vs Turtles\train\train\image_id_416.jpg,Turtle
E:\LiveProject\Deep_Learning\Penguins vs Turtles\train\train\image_id_417.jpg,Penguin
E:\LiveProject\Deep_Learning\Penguins vs Turtles\train\train\image_id_418.jpg,Turtle
E:\LiveProject\Deep_Learning\Penguins vs Turtles\train\train\image_id_419.jpg,Turtle
E:\LiveProject\Deep_Learning\Penguins vs Turtles\train\train\image_id_420.jpg,Turtle
E:\LiveProject\Deep_Learning\Penguins vs Turtles\train\train\image_id_421.jpg,Penguin
E:\LiveProject\Deep_Learning\Penguins vs Turtles\train\train\image_id_422.jpg,Penguin
E:\LiveProject\Deep_Learning\Penguins vs Turtles\train\train\image_id_423.jpg,Penguin
E:\LiveProject\Deep_Learning\Penguins vs Turtles\train\train\image_id_424.jpg,Penguin
E:\LiveProject\Deep_Learning\Penguins vs Turtles\train\train\image_id_425.jpg,Penguin
E:\LiveProject\Deep_Learning\Penguins vs Turtles\train\train\image_id_426.jpg,Turtle
E:\LiveProject\Deep_Learning\Penguins vs Turtles\train\train\image_id_427.jpg,Turtle
E:\LiveProject\Deep_Learning\Penguins vs Turtles\train\train\image_id_428.jpg,Turtle
E:\LiveProject\Deep_Learning\Penguins vs Turtles\train\train\image_id_429.jpg,Turtle
E:\LiveProject\Deep_Learning\Penguins vs Turtles\train\train\image_id_430.jpg,Penguin
E:\LiveProject\Deep_Learning\Penguins vs Turtles\train\train\image_id_431.jpg,Turtle
E:\LiveProject\Deep_Learning\Penguins vs Turtles\train\train\image_id_432.jpg,Turtle
E:\LiveProject\Deep_Learning\Penguins vs Turtles\train\train\image_id_433.jpg,Penguin
E:\LiveProject\Deep_Learning\Penguins vs Turtles\train\train\image_id_434.jpg,Penguin
E:\LiveProject\Deep_Learning\Penguins vs Turtles\train\train\image_id_435.jpg,Penguin
E:\LiveProject\Deep_Learning\Penguins vs Turtles\train\train\image_id_436.jpg,Penguin
E:\LiveProject\Deep_Learning\Penguins vs Turtles\train\train\image_id_437.jpg,Turtle
E:\LiveProject\Deep_Learning\Penguins vs Turtles\train\train\image_id_438.jpg,Penguin
E:\LiveProject\Deep_Learning\Penguins vs Turtles\train\train\image_id_439.jpg,Penguin
E:\LiveProject\Deep_Learning\Penguins vs Turtles\train\train\image_id_440.jpg,Turtle
E:\LiveProject\Deep_Learning\Penguins vs Turtles\train\train\image_id_441.jpg,Penguin
E:\LiveProject\Deep_Learning\Penguins vs Turtles\train\train\image_id_442.jpg,Turtle
E:\LiveProject\Deep_Learning\Penguins vs Turtles\train\train\image_id_443.jpg,Turtle
E:\LiveProject\Deep_Learning\Penguins vs Turtles\train\train\image_id_444.jpg,Penguin
E:\LiveProject\Deep_Learning\Penguins vs Turtles\train\train\image_id_445.jpg,Penguin
E:\LiveProject\Deep_Learning\Penguins vs Turtles\train\train\image_id_446.jpg,Penguin
E:\LiveProject\Deep_Learning\Penguins vs Turtles\train\train\image_id_447.jpg,Penguin
E:\LiveProject\Deep_Learning\Penguins vs Turtles\train\train\image_id_448.jpg,Turtle
E:\LiveProject\Deep_Learning\Penguins vs Turtles\train\train\image_id_449.jpg,Penguin
E:\LiveProject\Deep_Learning\Penguins vs Turtles\train\train\image_id_450.jpg,Penguin
E:\LiveProject\Deep_Learning\Penguins vs Turtles\train\train\image_id_451.jpg,Penguin
E:\LiveProject\Deep_Learning\Penguins vs Turtles\train\train\image_id_452.jpg,Penguin
E:\LiveProject\Deep_Learning\Penguins vs Turtles\train\train\image_id_453.jpg,Penguin
E:\LiveProject\Deep_Learning\Penguins vs Turtles\train\train\image_id_454.jpg,Penguin
E:\LiveProject\Deep_Learning\Penguins vs Turtles\train\train\image_id_455.jpg,Turtle
E:\LiveProject\Deep_Learning\Penguins vs Turtles\train\train\image_id_456.jpg,Turtle
E:\LiveProject\Deep_Learning\Penguins vs Turtles\train\train\image_id_457.jpg,Turtle
E:\LiveProject\Deep_Learning\Penguins vs Turtles\train\train\image_id_458.jpg,Turtle
E:\LiveProject\Deep_Learning\Penguins vs Turtles\train\train\image_id_459.jpg,Penguin
E:\LiveProject\Deep_Learning\Penguins vs Turtles\train\train\image_id_460.jpg,Penguin
E:\LiveProject\Deep_Learning\Penguins vs Turtles\train\train\image_id_461.jpg,Turtle
E:\LiveProject\Deep_Learning\Penguins vs Turtles\train\train\image_id_462.jpg,Turtle
E:\LiveProject\Deep_Learning\Penguins vs Turtles\train\train\image_id_463.jpg,Penguin
E:\LiveProject\Deep_Learning\Penguins vs Turtles\train\train\image_id_464.jpg,Turtle
E:\LiveProject\Deep_Learning\Penguins vs Turtles\train\train\image_id_465.jpg,Penguin
E:\LiveProject\Deep_Learning\Penguins vs Turtles\train\train\image_id_466.jpg,Turtle
E:\LiveProject\Deep_Learning\Penguins vs Turtles\train\train\image_id_467.jpg,Penguin
E:\LiveProject\Deep_Learning\Penguins vs Turtles\train\train\image_id_468.jpg,Penguin
E:\LiveProject\Deep_Learning\Penguins vs Turtles\train\train\image_id_469.jpg,Turtle
E:\LiveProject\Deep_Learning\Penguins vs Turtles\train\train\image_id_470.jpg,Turtle
E:\LiveProject\Deep_Learning\Penguins vs Turtles\train\train\image_id_471.jpg,Penguin
E:\LiveProject\Deep_Learning\Penguins vs Turtles\train\train\image_id_472.jpg,Turtle
E:\LiveProject\Deep_Learning\Penguins vs Turtles\train\train\image_id_473.jpg,Penguin
E:\LiveProject\Deep_Learning\Penguins vs Turtles\train\train\image_id_474.jpg,Turtle
E:\LiveProject\Deep_Learning\Penguins vs Turtles\train\train\image_id_475.jpg,Turtle
E:\LiveProject\Deep_Learning\Penguins vs Turtles\train\train\image_id_476.jpg,Turtle
E:\LiveProject\Deep_Learning\Penguins vs Turtles\train\train\image_id_477.jpg,Turtle
E:\LiveProject\Deep_Learning\Penguins vs Turtles\train\train\image_id_478.jpg,Penguin
E:\LiveProject\Deep_Learning\Penguins vs Turtles\train\train\image_id_479.jpg,Turtle
E:\LiveProject\Deep_Learning\Penguins vs Turtles\train\train\image_id_480.jpg,Penguin
E:\LiveProject\Deep_Learning\Penguins vs Turtles\train\train\image_id_481.jpg,Penguin
E:\LiveProject\Deep_Learning\Penguins vs Turtles\train\train\image_id_482.jpg,Penguin
E:\LiveProject\Deep_Learning\Penguins vs Turtles\train\train\image_id_483.jpg,Penguin
E:\LiveProject\Deep_Learning\Penguins vs Turtles\train\train\image_id_484.jpg,Turtle
E:\LiveProject\Deep_Learning\Penguins vs Turtles\train\train\image_id_485.jpg,Penguin
E:\LiveProject\Deep_Learning\Penguins vs Turtles\train\train\image_id_486.jpg,Penguin
E:\LiveProject\Deep_Learning\Penguins vs Turtles\train\train\image_id_487.jpg,Turtle
E:\LiveProject\Deep_Learning\Penguins vs Turtles\train\train\image_id_488.jpg,Penguin
E:\LiveProject\Deep_Learning\Penguins vs Turtles\train\train\image_id_489.jpg,Turtle
E:\LiveProject\Deep_Learning\Penguins vs Turtles\train\train\image_id_490.jpg,Turtle
E:\LiveProject\Deep_Learning\Penguins vs Turtles\train\train\image_id_491.jpg,Penguin
E:\LiveProject\Deep_Learning\Penguins vs Turtles\train\train\image_id_492.jpg,Penguin
E:\LiveProject\Deep_Learning\Penguins vs Turtles\train\train\image_id_493.jpg,Turtle
E:\LiveProject\Deep_Learning\Penguins vs Turtles\train\train\image_id_494.jpg,Turtle
E:\LiveProject\Deep_Learning\Penguins vs Turtles\train\train\image_id_495.jpg,Turtle
E:\LiveProject\Deep_Learning\Penguins vs Turtles\train\train\image_id_496.jpg,Penguin
E:\LiveProject\Deep_Learning\Penguins vs Turtles\train\train\image_id_497.jpg,Penguin
E:\LiveProject\Deep_Learning\Penguins vs Turtles\train\train\image_id_498.jpg,Penguin
E:\LiveProject\Deep_Learning\Penguins vs Turtles\train\train\image_id_499.jpg,Turtle
